Model,Prompt,Tokens Generated,Total Time (s),Latency (ms/token),Tokens/sec,Model Load Time (s),RAM Usage (GB),CPU Load Change (%),Temperature (Â°C),Power (W),Quantized,LLM Quality Score (1-10)
llama3.1:8b,What is the capital of France?,6,0.59,98.73,10.13,0.58,0.01,11.70,N/A,N/A,False,10.0
llama3.1:8b,Summarize the theory of relativity.,373,27.12,72.71,13.75,0.58,1.19,-11.20,N/A,N/A,False,N/A
llama3.1:8b,Write a short poem about AI.,76,6.38,83.88,11.92,0.58,0.68,4.00,N/A,N/A,False,N/A
qwen2.5:3b,What is the capital of France?,6,0.36,59.27,16.87,1.01,0.06,1.70,N/A,N/A,True,10.0
qwen2.5:3b,Summarize the theory of relativity.,409,14.77,36.11,27.69,1.01,-1.09,-22.40,N/A,N/A,True,N/A
qwen2.5:3b,Write a short poem about AI.,79,5.00,63.32,15.79,1.01,-1.28,2.30,N/A,N/A,True,N/A
gemma:2b,What is the capital of France?,17,0.44,25.95,38.53,0.42,-0.06,0.20,N/A,N/A,False,10.0
gemma:2b,Summarize the theory of relativity.,269,7.31,27.16,36.82,0.42,-1.24,-3.20,N/A,N/A,False,N/A
gemma:2b,Write a short poem about AI.,96,3.94,40.99,24.39,0.42,-1.22,13.30,N/A,N/A,False,N/A
